1;Marian;Ward;Marian.Ward28@gmail.com;USER;FALSE
2;Phil;Caldwell;Phil.Caldwell29@gmail.com;USER;FALSE
3;Pam;Montgomery;Pam.Montgomery30@gmail.com;USER;FALSE
4;Gerardo;Watts;Gerardo.Watts31@gmail.com;USER;FALSE
5;Whitney;Warner;Whitney.Warner32@gmail.com;USER;FALSE
6;Alan;Holt;Alan.Holt33@gmail.com;USER;FALSE
7;Kendra;Barker;Kendra.Barker34@gmail.com;USER;FALSE
8;Debbie;Henderson;Debbie.Henderson35@gmail.com;USER;FALSE
9;Guy;Jones;Guy.Jones36@gmail.com;USER;FALSE
10;Janice;Hamilton;Janice.Hamilton37@gmail.com;USER;FALSE
11;Ebony;Wong;Ebony.Wong38@gmail.com;USER;FALSE
12;Debra;Mcdonald;Debra.Mcdonald39@gmail.com;USER;FALSE
13;Ann;Greer;Ann.Greer40@gmail.com;USER;FALSE
14;Jay;Newman;Jay.Newman41@gmail.com;USER;FALSE
15;Donna;Maldonado;Donna.Maldonado42@gmail.com;USER;FALSE
16;Timmy;Bishop;Timmy.Bishop43@gmail.com;USER;FALSE
17;Doyle;Jefferson;Doyle.Jefferson44@gmail.com;USER;FALSE
18;Santiago;Pratt;Santiago.Pratt45@gmail.com;USER;FALSE
19;Arlene;Hubbard;Arlene.Hubbard46@gmail.com;USER;FALSE
20;Sabrina;Valdez;Sabrina.Valdez47@gmail.com;USER;FALSE
21;Dora;Paul;Dora.Paul48@gmail.com;USER;FALSE
22;Boyd;Lucas;Boyd.Lucas49@gmail.com;USER;FALSE
23;Earnest;Lyons;Earnest.Lyons50@gmail.com;USER;FALSE
24;Wendy;Knight;Wendy.Knight51@gmail.com;USER;FALSE
25;Kerry;Rogers;Kerry.Rogers52@gmail.com;USER;FALSE
26;Fredrick;Evans;Fredrick.Evans53@gmail.com;USER;FALSE
27;Geoffrey;Schneider;Geoffrey.Schneider54@gmail.com;USER;FALSE
28;Joanna;Alexander;Joanna.Alexander55@gmail.com;USER;FALSE
29;Melissa;Tyler;Melissa.Tyler56@gmail.com;USER;FALSE
30;Sheryl;Norton;Sheryl.Norton57@gmail.com;USER;FALSE
31;Dana;Walters;Dana.Walters58@gmail.com;USER;FALSE
32;Juana;Byrd;Juana.Byrd59@gmail.com;USER;FALSE
33;Beatrice;Salazar;Beatrice.Salazar60@gmail.com;USER;FALSE
34;Gerard;Thornton;Gerard.Thornton61@gmail.com;USER;FALSE
35;Tommie;Frazier;Tommie.Frazier62@gmail.com;USER;FALSE
36;Billy;Cruz;Billy.Cruz63@gmail.com;USER;FALSE
37;Lois;Chandler;Lois.Chandler64@gmail.com;USER;FALSE
38;Garry;Garrett;Garry.Garrett65@gmail.com;USER;FALSE
39;Lester;Mccormick;Lester.Mccormick66@gmail.com;USER;FALSE
40;Olive;Estrada;Olive.Estrada67@gmail.com;USER;FALSE
41;Erika;George;Erika.George68@gmail.com;USER;FALSE
42;Angelica;Hill;Angelica.Hill69@gmail.com;USER;FALSE
43;Kerry;Woods;Kerry.Woods70@gmail.com;USER;FALSE
44;Ashley;Shaw;Ashley.Shaw71@gmail.com;USER;FALSE
45;Melba;Harvey;Melba.Harvey72@gmail.com;USER;FALSE
46;Doris;Summers;Doris.Summers73@gmail.com;USER;FALSE
47;Reginald;Coleman;Reginald.Coleman74@gmail.com;USER;FALSE
48;Nicole;Day;Nicole.Day75@gmail.com;USER;FALSE
49;Tiffany;Reynolds;Tiffany.Reynolds76@gmail.com;USER;FALSE
50;Krista;Wade;Krista.Wade77@gmail.com;USER;FALSE
51;Anita;Flowers;Anita.Flowers78@gmail.com;USER;FALSE
52;Randal;Black;Randal.Black79@gmail.com;USER;FALSE
53;Rudolph;Long;Rudolph.Long80@gmail.com;USER;FALSE
54;Myron;Park;Myron.Park81@gmail.com;USER;FALSE
55;Marvin;Howell;Marvin.Howell82@gmail.com;USER;FALSE
56;Marcos;Murray;Marcos.Murray83@gmail.com;USER;FALSE
57;Erick;Cannon;Erick.Cannon84@gmail.com;USER;FALSE
58;Essie;Payne;Essie.Payne85@gmail.com;USER;FALSE
59;Opal;Lambert;Opal.Lambert86@gmail.com;USER;FALSE
60;Anna;Ballard;Anna.Ballard87@gmail.com;USER;FALSE
61;Michele;Vaughn;Michele.Vaughn88@gmail.com;USER;FALSE
62;Herman;Holland;Herman.Holland89@gmail.com;USER;FALSE
63;Amos;Romero;Amos.Romero90@gmail.com;USER;FALSE
64;Valerie;Carter;Valerie.Carter91@gmail.com;USER;FALSE
65;Georgia;Patterson;Georgia.Patterson92@gmail.com;USER;FALSE
66;Vicki;Wagner;Vicki.Wagner93@gmail.com;USER;FALSE
67;Eloise;Pearson;Eloise.Pearson94@gmail.com;USER;FALSE
68;Doug;Oliver;Doug.Oliver95@gmail.com;USER;FALSE
69;Alonzo;Lloyd;Alonzo.Lloyd96@gmail.com;USER;FALSE
70;Lorenzo;Strickland;Lorenzo.Strickland97@gmail.com;USER;FALSE
71;Darren;Reese;Darren.Reese98@gmail.com;USER;FALSE
72;Brendan;Phelps;Brendan.Phelps99@gmail.com;USER;FALSE
73;Dana;Armstrong;Dana.Armstrong100@gmail.com;USER;FALSE
74;Ramiro;Horton;Ramiro.Horton101@gmail.com;USER;FALSE
75;Dexter;Kim;Dexter.Kim102@gmail.com;USER;FALSE
76;Emily;Holmes;Emily.Holmes103@gmail.com;USER;FALSE
77;Lewis;Wilkerson;Lewis.Wilkerson104@gmail.com;USER;FALSE
78;Jenny;Dunn;Jenny.Dunn105@gmail.com;USER;FALSE
79;Wilbur;Ortega;Wilbur.Ortega106@gmail.com;USER;FALSE
80;Darnell;Klein;Darnell.Klein107@gmail.com;USER;FALSE
81;Howard;Hodges;Howard.Hodges108@gmail.com;USER;FALSE
82;Jan;Flores;Jan.Flores109@gmail.com;USER;FALSE
83;Alice;Norris;Alice.Norris110@gmail.com;USER;FALSE
84;Diana;Perkins;Diana.Perkins111@gmail.com;USER;FALSE
85;Julio;Wise;Julio.Wise112@gmail.com;USER;FALSE
86;Abel;Steele;Abel.Steele113@gmail.com;USER;FALSE
87;Nelson;Kelley;Nelson.Kelley114@gmail.com;USER;FALSE
88;Darrell;Patrick;Darrell.Patrick115@gmail.com;USER;FALSE
89;Bessie;Morris;Bessie.Morris116@gmail.com;USER;FALSE
90;Melanie;Carroll;Melanie.Carroll117@gmail.com;USER;FALSE
91;Kurt;Ramirez;Kurt.Ramirez118@gmail.com;USER;FALSE
92;Edward;Peterson;Edward.Peterson119@gmail.com;USER;FALSE
93;Clyde;Daniels;Clyde.Daniels120@gmail.com;USER;FALSE
94;Everett;Simon;Everett.Simon121@gmail.com;USER;FALSE
95;Glenn;Weber;Glenn.Weber122@gmail.com;USER;FALSE
96;Leticia;Douglas;Leticia.Douglas123@gmail.com;USER;FALSE
97;Danny;Meyer;Danny.Meyer124@gmail.com;USER;FALSE
98;Rachael;Wells;Rachael.Wells125@gmail.com;USER;FALSE
99;Enrique;French;Enrique.French126@gmail.com;USER;FALSE
100;Jennifer;Rodgers;Jennifer.Rodgers127@gmail.com;USER;FALSE
101;Micheal;Spencer;Micheal.Spencer128@gmail.com;USER;FALSE
102;Monique;Rodriquez;Monique.Rodriquez129@gmail.com;USER;FALSE
103;Clinton;Silva;Clinton.Silva130@gmail.com;USER;FALSE
104;Dwight;Gill;Dwight.Gill131@gmail.com;USER;FALSE
105;Alice;Barber;Alice.Barber132@gmail.com;USER;FALSE
106;Krista;Willis;Krista.Willis133@gmail.com;USER;FALSE
107;Jo;Nichols;Jo.Nichols134@gmail.com;USER;FALSE
108;Johnathan;Rodriguez;Johnathan.Rodriguez135@gmail.com;USER;FALSE
109;Rene;Hunt;Rene.Hunt136@gmail.com;USER;FALSE
110;Ella;Rodgers;Ella.Rodgers137@gmail.com;USER;FALSE
111;Vivian;Gomez;Vivian.Gomez138@gmail.com;USER;FALSE
112;Loren;Burns;Loren.Burns139@gmail.com;USER;FALSE
113;Franklin;Soto;Franklin.Soto140@gmail.com;USER;FALSE
114;Tasha;Clarke;Tasha.Clarke141@gmail.com;USER;FALSE
115;Dallas;Mack;Dallas.Mack142@gmail.com;USER;FALSE
116;Jenny;Ingram;Jenny.Ingram143@gmail.com;USER;FALSE
117;Henrietta;Vasquez;Henrietta.Vasquez144@gmail.com;USER;FALSE
118;Russell;Carson;Russell.Carson145@gmail.com;USER;FALSE
119;Steven;Chapman;Steven.Chapman146@gmail.com;USER;FALSE
120;Michele;Lawson;Michele.Lawson147@gmail.com;USER;FALSE
121;Genevieve;Ruiz;Genevieve.Ruiz148@gmail.com;USER;FALSE
122;Barry;Anderson;Barry.Anderson149@gmail.com;USER;FALSE
123;Latoya;Mccoy;Latoya.Mccoy150@gmail.com;USER;FALSE
124;Dexter;Sullivan;Dexter.Sullivan151@gmail.com;USER;FALSE
125;Pearl;Sutton;Pearl.Sutton152@gmail.com;USER;FALSE
126;Margaret;Henry;Margaret.Henry153@gmail.com;USER;FALSE
127;Sabrina;Beck;Sabrina.Beck154@gmail.com;USER;FALSE
128;Sylvia;Benson;Sylvia.Benson155@gmail.com;USER;FALSE
129;Thelma;Hawkins;Thelma.Hawkins156@gmail.com;USER;FALSE
130;Salvatore;Roberts;Salvatore.Roberts157@gmail.com;USER;FALSE
131;Wade;Shaw;Wade.Shaw158@gmail.com;USER;FALSE
132;Rodney;Harmon;Rodney.Harmon159@gmail.com;USER;FALSE
133;Eileen;Parsons;Eileen.Parsons160@gmail.com;USER;FALSE
134;Margarita;Harrington;Margarita.Harrington161@gmail.com;USER;FALSE
135;Stanley;Allen;Stanley.Allen162@gmail.com;USER;FALSE
136;Alfred;Butler;Alfred.Butler163@gmail.com;USER;FALSE
137;George;Ross;George.Ross164@gmail.com;USER;FALSE
138;Mona;Stephens;Mona.Stephens165@gmail.com;USER;FALSE
139;Vincent;Sims;Vincent.Sims166@gmail.com;USER;FALSE
140;Estelle;Barker;Estelle.Barker167@gmail.com;USER;FALSE
141;Guadalupe;Hayes;Guadalupe.Hayes168@gmail.com;USER;FALSE
142;Rose;Duncan;Rose.Duncan169@gmail.com;USER;FALSE
143;Lee;Mccormick;Lee.Mccormick170@gmail.com;USER;FALSE
144;Abraham;Mathis;Abraham.Mathis171@gmail.com;USER;FALSE
145;Jennifer;Cox;Jennifer.Cox172@gmail.com;USER;FALSE
146;Keith;Cobb;Keith.Cobb173@gmail.com;USER;FALSE
147;Casey;Robinson;Casey.Robinson174@gmail.com;USER;FALSE
148;Carla;Schultz;Carla.Schultz175@gmail.com;USER;FALSE
149;Elsa;Morton;Elsa.Morton176@gmail.com;USER;FALSE
150;Santos;Cohen;Santos.Cohen177@gmail.com;USER;FALSE
151;Ronnie;Richards;Ronnie.Richards178@gmail.com;USER;FALSE
152;Maxine;Reyes;Maxine.Reyes179@gmail.com;USER;FALSE
153;Jessica;Massey;Jessica.Massey180@gmail.com;USER;FALSE
154;Israel;Morales;Israel.Morales181@gmail.com;USER;FALSE
155;Beatrice;Harper;Beatrice.Harper182@gmail.com;USER;FALSE
156;Lloyd;Torres;Lloyd.Torres183@gmail.com;USER;FALSE
157;Emilio;Mills;Emilio.Mills184@gmail.com;USER;FALSE
158;Jason;Wright;Jason.Wright185@gmail.com;USER;FALSE
159;Rolando;Garner;Rolando.Garner186@gmail.com;USER;FALSE
160;Dora;Briggs;Dora.Briggs187@gmail.com;USER;FALSE
161;Juan;Bryant;Juan.Bryant188@gmail.com;USER;FALSE
162;May;Ray;May.Ray189@gmail.com;USER;FALSE
163;Lester;Guzman;Lester.Guzman190@gmail.com;USER;FALSE
164;Orville;Greer;Orville.Greer191@gmail.com;USER;FALSE
165;Casey;Dixon;Casey.Dixon192@gmail.com;USER;FALSE
166;Annie;Tran;Annie.Tran193@gmail.com;USER;FALSE
167;Sonia;Walton;Sonia.Walton194@gmail.com;USER;FALSE
168;Mathew;Moss;Mathew.Moss195@gmail.com;USER;FALSE
169;Armando;Gonzales;Armando.Gonzales196@gmail.com;USER;FALSE
170;Jessie;Jensen;Jessie.Jensen197@gmail.com;USER;FALSE
171;Jim;Hudson;Jim.Hudson198@gmail.com;USER;FALSE
172;Eleanor;Young;Eleanor.Young199@gmail.com;USER;FALSE
173;Sophia;Fisher;Sophia.Fisher200@gmail.com;USER;FALSE
174;Edgar;Wood;Edgar.Wood201@gmail.com;USER;FALSE
175;Sophie;Daniel;Sophie.Daniel202@gmail.com;USER;FALSE
176;Valerie;Banks;Valerie.Banks203@gmail.com;USER;FALSE
177;Vera;Obrien;Vera.Obrien204@gmail.com;USER;FALSE
178;Larry;Boone;Larry.Boone205@gmail.com;USER;FALSE
179;Alex;Ball;Alex.Ball206@gmail.com;USER;FALSE
180;Tabitha;Bowman;Tabitha.Bowman207@gmail.com;USER;FALSE
181;Al;Simmons;Al.Simmons208@gmail.com;USER;FALSE
182;Evan;Weber;Evan.Weber209@gmail.com;USER;FALSE
183;Dan;Stanley;Dan.Stanley210@gmail.com;USER;FALSE
184;Lindsay;Manning;Lindsay.Manning211@gmail.com;USER;FALSE
185;Timmy;Strickland;Timmy.Strickland212@gmail.com;USER;FALSE
186;Darrell;Craig;Darrell.Craig213@gmail.com;USER;FALSE
187;Jan;Nguyen;Jan.Nguyen214@gmail.com;USER;FALSE
188;Joanne;Harris;Joanne.Harris215@gmail.com;USER;FALSE
189;Jan;Parker;Jan.Parker216@gmail.com;USER;FALSE
190;Jonathan;Ryan;Jonathan.Ryan217@gmail.com;USER;FALSE
191;Nora;Gregory;Nora.Gregory218@gmail.com;USER;FALSE
192;Angie;Goodman;Angie.Goodman219@gmail.com;USER;FALSE
193;William;Norman;William.Norman220@gmail.com;USER;FALSE
194;Marcella;Alexander;Marcella.Alexander221@gmail.com;USER;FALSE
195;Teresa;Mitchell;Teresa.Mitchell222@gmail.com;USER;FALSE
196;Ruben;Kim;Ruben.Kim223@gmail.com;USER;FALSE
197;Winston;Burton;Winston.Burton224@gmail.com;USER;FALSE
198;Sue;Cook;Sue.Cook225@gmail.com;USER;FALSE
199;Eddie;Weaver;Eddie.Weaver226@gmail.com;USER;FALSE
200;Mae;Freeman;Mae.Freeman227@gmail.com;USER;FALSE
201;Cinda;Craven;Cinda.Craven228@gmail.com;USER;FALSE
202;Lorina;Coyne;Lorina.Coyne229@gmail.com;USER;FALSE
203;Andrea;Aquino;Andrea.Aquino230@gmail.com;USER;FALSE
204;Alanna;Durham;Alanna.Durham231@gmail.com;USER;FALSE
205;Gigi;Babin;Gigi.Babin232@gmail.com;USER;FALSE
206;Tereasa;Shay;Tereasa.Shay233@gmail.com;USER;FALSE
207;Mavis;Lafferty;Mavis.Lafferty234@gmail.com;USER;FALSE
208;Dorsey;Orr;Dorsey.Orr235@gmail.com;USER;FALSE
209;Chet;Mooney;Chet.Mooney236@gmail.com;USER;FALSE
210;Hilma;Higginbotham;Hilma.Higginbotham237@gmail.com;USER;FALSE
211;Katelin;Robles;Katelin.Robles238@gmail.com;USER;FALSE
212;Brigitte;Shifflett;Brigitte.Shifflett239@gmail.com;USER;FALSE
213;Wilfredo;Peterman;Wilfredo.Peterman240@gmail.com;USER;FALSE
214;Jamey;Mosier;Jamey.Mosier241@gmail.com;USER;FALSE
215;Mathilda;Kerns;Mathilda.Kerns242@gmail.com;USER;FALSE
216;Kazuko;Merriman;Kazuko.Merriman243@gmail.com;USER;FALSE
217;Maragret;Mojica;Maragret.Mojica244@gmail.com;USER;FALSE
218;Jerrold;Smallwood;Jerrold.Smallwood245@gmail.com;USER;FALSE
219;Nanci;Lowry;Nanci.Lowry246@gmail.com;USER;FALSE
220;Freeda;Loper;Freeda.Loper247@gmail.com;USER;FALSE
221;Darell;Bivins;Darell.Bivins248@gmail.com;USER;FALSE
222;Amberly;Chung;Amberly.Chung249@gmail.com;USER;FALSE
223;Conchita;Nolan;Conchita.Nolan250@gmail.com;USER;FALSE
224;Gilberte;Estes;Gilberte.Estes251@gmail.com;USER;FALSE
225;Irwin;Tracy;Irwin.Tracy252@gmail.com;USER;FALSE
226;Eliana;Harden;Eliana.Harden253@gmail.com;USER;FALSE
227;Quiana;Chadwick;Quiana.Chadwick254@gmail.com;USER;FALSE
228;Dion;Silvers;Dion.Silvers255@gmail.com;USER;FALSE
229;Jacquelin;Lilly;Jacquelin.Lilly256@gmail.com;USER;FALSE
230;Elke;Quintero;Elke.Quintero257@gmail.com;USER;FALSE
231;Delcie;Colby;Delcie.Colby258@gmail.com;USER;FALSE
232;Agatha;Byrne;Agatha.Byrne259@gmail.com;USER;FALSE
233;Verlene;Hatchett;Verlene.Hatchett260@gmail.com;USER;FALSE
234;Cami;Staley;Cami.Staley261@gmail.com;USER;FALSE
235;Xavier;Benavides;Xavier.Benavides262@gmail.com;USER;FALSE
236;Jessia;Mims;Jessia.Mims263@gmail.com;USER;FALSE
237;Dimple;Burdick;Dimple.Burdick264@gmail.com;USER;FALSE
238;Donald;Lay;Donald.Lay265@gmail.com;USER;FALSE
239;Myrle;Speer;Myrle.Speer266@gmail.com;USER;FALSE
240;Yolonda;Simons;Yolonda.Simons267@gmail.com;USER;FALSE
241;Deetta;Conrad;Deetta.Conrad268@gmail.com;USER;FALSE
242;Jamel;Spooner;Jamel.Spooner269@gmail.com;USER;FALSE
243;Moises;Beattie;Moises.Beattie270@gmail.com;USER;FALSE
244;Edris;Burnett;Edris.Burnett271@gmail.com;USER;FALSE
245;Mozella;Kenyon;Mozella.Kenyon272@gmail.com;USER;FALSE
246;Ines;Karr;Ines.Karr273@gmail.com;USER;FALSE
247;Collette;Gaston;Collette.Gaston274@gmail.com;USER;FALSE
248;Joya;Blank;Joya.Blank275@gmail.com;USER;FALSE
249;Irina;Buss;Irina.Buss276@gmail.com;USER;FALSE
250;Myung;Fitzsimmons;Myung.Fitzsimmons277@gmail.com;USER;FALSE
251;Williemae;Mcgrew;Williemae.Mcgrew278@gmail.com;USER;FALSE
252;Arielle;Reynoso;Arielle.Reynoso279@gmail.com;USER;FALSE
253;Pandora;Posey;Pandora.Posey280@gmail.com;USER;FALSE
254;Dong;Schaeffer;Dong.Schaeffer281@gmail.com;USER;FALSE
255;Adan;Gerald;Adan.Gerald282@gmail.com;USER;FALSE
256;Janay;Broyles;Janay.Broyles283@gmail.com;USER;FALSE
257;Dusty;Wahl;Dusty.Wahl284@gmail.com;USER;FALSE
258;Taryn;Moya;Taryn.Moya285@gmail.com;USER;FALSE
259;Delmar;Dawkins;Delmar.Dawkins286@gmail.com;USER;FALSE
260;Morgan;Blaine;Morgan.Blaine287@gmail.com;USER;FALSE
261;Patrica;Holloman;Patrica.Holloman288@gmail.com;USER;FALSE
262;Jodee;Lehmann;Jodee.Lehmann289@gmail.com;USER;FALSE
263;Stefania;Sun;Stefania.Sun290@gmail.com;USER;FALSE
264;Lavona;Weems;Lavona.Weems291@gmail.com;USER;FALSE
265;Jolanda;Tackett;Jolanda.Tackett292@gmail.com;USER;FALSE
266;Antonio;Batson;Antonio.Batson293@gmail.com;USER;FALSE
267;Keturah;Woodall;Keturah.Woodall294@gmail.com;USER;FALSE
268;Coy;Blackman;Coy.Blackman295@gmail.com;USER;FALSE
269;Carmina;Mayer;Carmina.Mayer296@gmail.com;USER;FALSE
270;Catarina;Hein;Catarina.Hein297@gmail.com;USER;FALSE
271;Carman;Hallman;Carman.Hallman298@gmail.com;USER;FALSE
272;Angelyn;East;Angelyn.East299@gmail.com;USER;FALSE
273;Alexa;Bustos;Alexa.Bustos300@gmail.com;USER;FALSE
274;Broderick;Hurt;Broderick.Hurt301@gmail.com;USER;FALSE
275;Palmer;Mcreynolds;Palmer.Mcreynolds302@gmail.com;USER;FALSE
276;Jules;Atwood;Jules.Atwood303@gmail.com;USER;FALSE
277;Almeta;Sheffield;Almeta.Sheffield304@gmail.com;USER;FALSE
278;Evangelina;Knowles;Evangelina.Knowles305@gmail.com;USER;FALSE
279;Antoine;Andrade;Antoine.Andrade306@gmail.com;USER;FALSE
280;Lorean;Roman;Lorean.Roman307@gmail.com;USER;FALSE
281;Verona;Shearer;Verona.Shearer308@gmail.com;USER;FALSE
282;Shirleen;Snead;Shirleen.Snead309@gmail.com;USER;FALSE
283;Dawna;Hackney;Dawna.Hackney310@gmail.com;USER;FALSE
284;Teressa;Trejo;Teressa.Trejo311@gmail.com;USER;FALSE
285;Carmelia;Cooley;Carmelia.Cooley312@gmail.com;USER;FALSE
286;Helene;Sheets;Helene.Sheets313@gmail.com;USER;FALSE
287;Lina;Dupre;Lina.Dupre314@gmail.com;USER;FALSE
288;Jeanmarie;Bowling;Jeanmarie.Bowling315@gmail.com;USER;FALSE
289;Celinda;Bradford;Celinda.Bradford316@gmail.com;USER;FALSE
290;Chi;Krueger;Chi.Krueger317@gmail.com;USER;FALSE
291;Efrain;Witte;Efrain.Witte318@gmail.com;USER;FALSE
292;Norah;Beach;Norah.Beach319@gmail.com;USER;FALSE
293;Raymond;Galvez;Raymond.Galvez320@gmail.com;USER;FALSE
294;Louanne;Thrash;Louanne.Thrash321@gmail.com;USER;FALSE
295;Loren;Scarborough;Loren.Scarborough322@gmail.com;USER;FALSE
296;Carry;Chang;Carry.Chang323@gmail.com;USER;FALSE
297;Gillian;Breedlove;Gillian.Breedlove324@gmail.com;USER;FALSE
298;Larhonda;Merchant;Larhonda.Merchant325@gmail.com;USER;FALSE
299;Scarlett;Clevenger;Scarlett.Clevenger326@gmail.com;USER;FALSE
300;Antwan;Omalley;Antwan.Omalley327@gmail.com;USER;FALSE
301;Dorine;Gagne;Dorine.Gagne328@gmail.com;USER;FALSE
302;Santa;Bolduc;Santa.Bolduc329@gmail.com;USER;FALSE
303;Gilda;Wharton;Gilda.Wharton330@gmail.com;USER;FALSE
304;January;Henning;January.Henning331@gmail.com;USER;FALSE
305;Marlana;Moseley;Marlana.Moseley332@gmail.com;USER;FALSE
306;Johana;Woodruff;Johana.Woodruff333@gmail.com;USER;FALSE
307;Clair;Guillory;Clair.Guillory334@gmail.com;USER;FALSE
308;Marybeth;Beaver;Marybeth.Beaver335@gmail.com;USER;FALSE
309;Brianne;Bunting;Brianne.Bunting336@gmail.com;USER;FALSE
310;Celinda;Estes;Celinda.Estes337@gmail.com;USER;FALSE
311;Ruthe;Healy;Ruthe.Healy338@gmail.com;USER;FALSE
312;Leonie;Justice;Leonie.Justice339@gmail.com;USER;FALSE
313;Nubia;Suarez;Nubia.Suarez340@gmail.com;USER;FALSE
314;Delaine;Winfrey;Delaine.Winfrey341@gmail.com;USER;FALSE
315;Carson;Conley;Carson.Conley342@gmail.com;USER;FALSE
316;Karolyn;Higgs;Karolyn.Higgs343@gmail.com;USER;FALSE
317;Delfina;Shinn;Delfina.Shinn344@gmail.com;USER;FALSE
318;Margery;Beall;Margery.Beall345@gmail.com;USER;FALSE
319;Kasha;Zuniga;Kasha.Zuniga346@gmail.com;USER;FALSE
320;Fidelia;Ricks;Fidelia.Ricks347@gmail.com;USER;FALSE
321;Shanae;Stovall;Shanae.Stovall348@gmail.com;USER;FALSE
322;Willy;Herrick;Willy.Herrick349@gmail.com;USER;FALSE
323;Una;Albrecht;Una.Albrecht350@gmail.com;USER;FALSE
324;Arlen;Drew;Arlen.Drew351@gmail.com;USER;FALSE
325;Shemika;Crain;Shemika.Crain352@gmail.com;USER;FALSE
326;Keeley;Babin;Keeley.Babin353@gmail.com;USER;FALSE
327;Graig;Dorris;Graig.Dorris354@gmail.com;USER;FALSE
328;Mendy;Frye;Mendy.Frye355@gmail.com;USER;FALSE
329;Jay;Tharp;Jay.Tharp356@gmail.com;USER;FALSE
330;Hildegard;Bivens;Hildegard.Bivens357@gmail.com;USER;FALSE
331;Arcelia;Mcmillen;Arcelia.Mcmillen358@gmail.com;USER;FALSE
332;Florida;Pounds;Florida.Pounds359@gmail.com;USER;FALSE
333;Latricia;Banda;Latricia.Banda360@gmail.com;USER;FALSE
334;Devora;Glass;Devora.Glass361@gmail.com;USER;FALSE
335;Eboni;Malloy;Eboni.Malloy362@gmail.com;USER;FALSE
336;Barrie;Jessup;Barrie.Jessup363@gmail.com;USER;FALSE
337;Carl;Rico;Carl.Rico364@gmail.com;USER;FALSE
338;Pinkie;Hogue;Pinkie.Hogue365@gmail.com;USER;FALSE
339;Arlean;Arriaga;Arlean.Arriaga366@gmail.com;USER;FALSE
340;Velda;Borden;Velda.Borden367@gmail.com;USER;FALSE
341;Maryetta;Eaves;Maryetta.Eaves368@gmail.com;USER;FALSE
342;Ai;Estep;Ai.Estep369@gmail.com;USER;FALSE
343;Theressa;Menard;Theressa.Menard370@gmail.com;USER;FALSE
344;Will;Reichert;Will.Reichert371@gmail.com;USER;FALSE
345;Candyce;Wheatley;Candyce.Wheatley372@gmail.com;USER;FALSE
346;Tamika;Wick;Tamika.Wick373@gmail.com;USER;FALSE
347;Sallie;Burt;Sallie.Burt374@gmail.com;USER;FALSE
348;Sherie;Arellano;Sherie.Arellano375@gmail.com;USER;FALSE
349;Aurea;Lindberg;Aurea.Lindberg376@gmail.com;USER;FALSE
350;Camila;Hilliard;Camila.Hilliard377@gmail.com;USER;FALSE
351;Earle;Hancock;Earle.Hancock378@gmail.com;USER;FALSE
352;Gary;Palacios;Gary.Palacios379@gmail.com;USER;FALSE
353;Louis;Spellman;Louis.Spellman380@gmail.com;USER;FALSE
354;Anh;Manns;Anh.Manns381@gmail.com;USER;FALSE
355;Renea;Gamez;Renea.Gamez382@gmail.com;USER;FALSE
356;Maybelle;Vanhorn;Maybelle.Vanhorn383@gmail.com;USER;FALSE
357;Kittie;Pleasant;Kittie.Pleasant384@gmail.com;USER;FALSE
358;Dann;Spear;Dann.Spear385@gmail.com;USER;FALSE
359;Bari;Findley;Bari.Findley386@gmail.com;USER;FALSE
360;Dane;Stanford;Dane.Stanford387@gmail.com;USER;FALSE
361;Herma;Buffington;Herma.Buffington388@gmail.com;USER;FALSE
362;Eden;Marlow;Eden.Marlow389@gmail.com;USER;FALSE
363;Carleen;Mcclain;Carleen.Mcclain390@gmail.com;USER;FALSE
364;Amalia;Baumann;Amalia.Baumann391@gmail.com;USER;FALSE
365;Gertude;Briseno;Gertude.Briseno392@gmail.com;USER;FALSE
366;Elodia;Medeiros;Elodia.Medeiros393@gmail.com;USER;FALSE
367;Tomika;Person;Tomika.Person394@gmail.com;USER;FALSE
368;Clement;Najera;Clement.Najera395@gmail.com;USER;FALSE
369;Ivonne;Candelaria;Ivonne.Candelaria396@gmail.com;USER;FALSE
370;Christiana;Dewitt;Christiana.Dewitt397@gmail.com;USER;FALSE
371;Marianela;Metcalf;Marianela.Metcalf398@gmail.com;USER;FALSE
372;Lane;Shell;Lane.Shell399@gmail.com;USER;FALSE
373;Soila;Churchill;Soila.Churchill400@gmail.com;USER;FALSE
374;Queenie;Lockhart;Queenie.Lockhart401@gmail.com;USER;FALSE
375;Estrella;Mast;Estrella.Mast402@gmail.com;USER;FALSE
376;Tamiko;Richmond;Tamiko.Richmond403@gmail.com;USER;FALSE
377;Florencio;Doherty;Florencio.Doherty404@gmail.com;USER;FALSE
378;Lenna;Snead;Lenna.Snead405@gmail.com;USER;FALSE
379;Devorah;Fortenberry;Devorah.Fortenberry406@gmail.com;USER;FALSE
380;Myrtie;Kimbrell;Myrtie.Kimbrell407@gmail.com;USER;FALSE
381;Franchesca;Schwab;Franchesca.Schwab408@gmail.com;USER;FALSE
382;Trenton;Ryder;Trenton.Ryder409@gmail.com;USER;FALSE
383;Mellie;Hinton;Mellie.Hinton410@gmail.com;USER;FALSE
384;Demetra;Toth;Demetra.Toth411@gmail.com;USER;FALSE
385;Delcie;Weddle;Delcie.Weddle412@gmail.com;USER;FALSE
386;Prince;Blunt;Prince.Blunt413@gmail.com;USER;FALSE
387;Tammara;Holley;Tammara.Holley414@gmail.com;USER;FALSE
388;Sparkle;Wilde;Sparkle.Wilde415@gmail.com;USER;FALSE
389;Rudy;Snell;Rudy.Snell416@gmail.com;USER;FALSE
390;Drew;Marchand;Drew.Marchand417@gmail.com;USER;FALSE
391;Ezekiel;Stockton;Ezekiel.Stockton418@gmail.com;USER;FALSE
392;Curt;Jeffery;Curt.Jeffery419@gmail.com;USER;FALSE
393;Bernita;Ham;Bernita.Ham420@gmail.com;USER;FALSE
394;Dedra;Bivins;Dedra.Bivins421@gmail.com;USER;FALSE
395;Breanna;Eagle;Breanna.Eagle422@gmail.com;USER;FALSE
396;Lilliam;Kiser;Lilliam.Kiser423@gmail.com;USER;FALSE
397;Nell;Pinto;Nell.Pinto424@gmail.com;USER;FALSE
398;Carma;Cyr;Carma.Cyr425@gmail.com;USER;FALSE
399;Lulu;Barnhill;Lulu.Barnhill426@gmail.com;USER;FALSE
400;Marlyn;Lowman;Marlyn.Lowman427@gmail.com;USER;FALSE
401;Eulalia;Helton;Eulalia.Helton428@gmail.com;USER;FALSE
402;Gabrielle;Gladney;Gabrielle.Gladney429@gmail.com;USER;FALSE
403;Belen;Griffiths;Belen.Griffiths430@gmail.com;USER;FALSE
404;Maryjo;Moreau;Maryjo.Moreau431@gmail.com;USER;FALSE
405;Fletcher;Mims;Fletcher.Mims432@gmail.com;USER;FALSE
406;Chandra;Withrow;Chandra.Withrow433@gmail.com;USER;FALSE
407;Lavone;Cleveland;Lavone.Cleveland434@gmail.com;USER;FALSE
408;Roseline;Rayford;Roseline.Rayford435@gmail.com;USER;FALSE
409;Louanne;Schwarz;Louanne.Schwarz436@gmail.com;USER;FALSE
410;Abe;Pak;Abe.Pak437@gmail.com;USER;FALSE
411;Wyatt;Mcclain;Wyatt.Mcclain438@gmail.com;USER;FALSE
412;Cami;Trice;Cami.Trice439@gmail.com;USER;FALSE
413;Richard;Larkin;Richard.Larkin440@gmail.com;USER;FALSE
414;Earle;Steadman;Earle.Steadman441@gmail.com;USER;FALSE
415;Colette;Witherspoon;Colette.Witherspoon442@gmail.com;USER;FALSE
416;Jamel;Barrow;Jamel.Barrow443@gmail.com;USER;FALSE
417;Tegan;Luce;Tegan.Luce444@gmail.com;USER;FALSE
418;Kazuko;Roberge;Kazuko.Roberge445@gmail.com;USER;FALSE
419;Jude;Steiner;Jude.Steiner446@gmail.com;USER;FALSE
420;Mitch;Gamble;Mitch.Gamble447@gmail.com;USER;FALSE
421;Clement;Gossett;Clement.Gossett448@gmail.com;USER;FALSE
422;Erlinda;Cagle;Erlinda.Cagle449@gmail.com;USER;FALSE
423;Marquis;Hutchins;Marquis.Hutchins450@gmail.com;USER;FALSE
424;Otelia;Corcoran;Otelia.Corcoran451@gmail.com;USER;FALSE
425;Yahaira;Sargent;Yahaira.Sargent452@gmail.com;USER;FALSE
426;Wesley;Devito;Wesley.Devito453@gmail.com;USER;FALSE
427;Soila;Taft;Soila.Taft454@gmail.com;USER;FALSE
428;Penelope;Epperson;Penelope.Epperson455@gmail.com;USER;FALSE
429;Jeanetta;Corley;Jeanetta.Corley456@gmail.com;USER;FALSE
430;Lorna;Comer;Lorna.Comer457@gmail.com;USER;FALSE
431;George;Eggleston;George.Eggleston458@gmail.com;USER;FALSE
432;Lavada;Legg;Lavada.Legg459@gmail.com;USER;FALSE
433;Mckinley;Pauley;Mckinley.Pauley460@gmail.com;USER;FALSE
434;Thomas;Travers;Thomas.Travers461@gmail.com;USER;FALSE
435;Cornell;Dumas;Cornell.Dumas462@gmail.com;USER;FALSE
436;Luella;Pollack;Luella.Pollack463@gmail.com;USER;FALSE
437;Chanel;Silver;Chanel.Silver464@gmail.com;USER;FALSE
438;Leana;Bedford;Leana.Bedford465@gmail.com;USER;FALSE
439;Emerita;Free;Emerita.Free466@gmail.com;USER;FALSE
440;Christena;Sheridan;Christena.Sheridan467@gmail.com;USER;FALSE
441;Reggie;Lundy;Reggie.Lundy468@gmail.com;USER;FALSE
442;Maximo;Spinks;Maximo.Spinks469@gmail.com;USER;FALSE
443;Devona;Flemming;Devona.Flemming470@gmail.com;USER;FALSE
444;Jewell;Royster;Jewell.Royster471@gmail.com;USER;FALSE
445;Lady;Cowart;Lady.Cowart472@gmail.com;USER;FALSE
446;Yvone;Teague;Yvone.Teague473@gmail.com;USER;FALSE
447;Marla;Stockton;Marla.Stockton474@gmail.com;USER;FALSE
448;Tashina;Shanks;Tashina.Shanks475@gmail.com;USER;FALSE
449;Chara;Gough;Chara.Gough476@gmail.com;USER;FALSE
450;Aiko;Croft;Aiko.Croft477@gmail.com;USER;FALSE
451;Mittie;Hyatt;Mittie.Hyatt478@gmail.com;USER;FALSE
452;Afton;Riddick;Afton.Riddick479@gmail.com;USER;FALSE
453;Benito;Weed;Benito.Weed480@gmail.com;USER;FALSE
454;Elmira;Engel;Elmira.Engel481@gmail.com;USER;FALSE
455;Marlyn;Steen;Marlyn.Steen482@gmail.com;USER;FALSE
456;Sherrell;Conroy;Sherrell.Conroy483@gmail.com;USER;FALSE
457;Katelynn;Medlin;Katelynn.Medlin484@gmail.com;USER;FALSE
458;Ruthie;Ochoa;Ruthie.Ochoa485@gmail.com;USER;FALSE
459;Evelia;Paterson;Evelia.Paterson486@gmail.com;USER;FALSE
460;Donny;Calabrese;Donny.Calabrese487@gmail.com;USER;FALSE
461;Genny;Smart;Genny.Smart488@gmail.com;USER;FALSE
462;Lorine;Zeller;Lorine.Zeller489@gmail.com;USER;FALSE
463;Qiana;Pendleton;Qiana.Pendleton490@gmail.com;USER;FALSE
464;Julieta;Minton;Julieta.Minton491@gmail.com;USER;FALSE
465;Kimberli;Lau;Kimberli.Lau492@gmail.com;USER;FALSE
466;Jaclyn;Clough;Jaclyn.Clough493@gmail.com;USER;FALSE
467;Daisey;Abel;Daisey.Abel494@gmail.com;USER;FALSE
468;Trang;Contreras;Trang.Contreras495@gmail.com;USER;FALSE
469;Julietta;Milner;Julietta.Milner496@gmail.com;USER;FALSE
470;Margeret;Casas;Margeret.Casas497@gmail.com;USER;FALSE
471;Tomasa;Darnell;Tomasa.Darnell498@gmail.com;USER;FALSE
472;Melani;Smoot;Melani.Smoot499@gmail.com;USER;FALSE
473;Diamond;Leone;Diamond.Leone500@gmail.com;USER;FALSE
474;Nikia;Velez;Nikia.Velez501@gmail.com;USER;FALSE
475;Nakesha;Lira;Nakesha.Lira502@gmail.com;USER;FALSE
476;Williemae;Goetz;Williemae.Goetz503@gmail.com;USER;FALSE
477;Gwyn;Sexton;Gwyn.Sexton504@gmail.com;USER;FALSE
478;Roxie;Condon;Roxie.Condon505@gmail.com;USER;FALSE
479;Sparkle;Negron;Sparkle.Negron506@gmail.com;USER;FALSE
480;Jolanda;Jack;Jolanda.Jack507@gmail.com;USER;FALSE
481;Maybell;Albert;Maybell.Albert508@gmail.com;USER;FALSE
482;Serena;Hassell;Serena.Hassell509@gmail.com;USER;FALSE
483;Lanny;Rivers;Lanny.Rivers510@gmail.com;USER;FALSE
484;Floretta;Milam;Floretta.Milam511@gmail.com;USER;FALSE
485;Majorie;Mosier;Majorie.Mosier512@gmail.com;USER;FALSE
486;Yung;Jacoby;Yung.Jacoby513@gmail.com;USER;FALSE
487;Marybelle;Mcclure;Marybelle.Mcclure514@gmail.com;USER;FALSE
488;Brady;Jaeger;Brady.Jaeger515@gmail.com;USER;FALSE
489;Shiloh;Kelleher;Shiloh.Kelleher516@gmail.com;USER;FALSE
490;Kenia;Ransom;Kenia.Ransom517@gmail.com;USER;FALSE
491;Jena;Withers;Jena.Withers518@gmail.com;USER;FALSE
492;Soledad;Galvan;Soledad.Galvan519@gmail.com;USER;FALSE
493;Tashia;Charles;Tashia.Charles520@gmail.com;USER;FALSE
494;Velda;Angel;Velda.Angel521@gmail.com;USER;FALSE
495;Garfield;Ordonez;Garfield.Ordonez522@gmail.com;USER;FALSE
496;Laurena;Mott;Laurena.Mott523@gmail.com;USER;FALSE
497;Soon;Doran;Soon.Doran524@gmail.com;USER;FALSE
498;Marcelina;Melancon;Marcelina.Melancon525@gmail.com;USER;FALSE
499;Elnora;Curran;Elnora.Curran526@gmail.com;USER;FALSE
500;Francoise;Purnell;Francoise.Purnell527@gmail.com;USER;FALSE
